Instrument,Ignore,Jun.98,Dec.98,Jun.99,Dec.99,Jun.00,Dec.00,Jun.01,Dec.01,Jun.02,Dec.02,Jun.03,Dec.03,Jun.04,Dec.04,Jun.05,Dec.05,Jun.06,Dec.06,Jun.07,Dec.07,Jun.08,Dec.08,Jun.09,Dec.09,Jun.10,Dec.10,Jun.11,Dec.11,Jun.12,Dec.12,Jun.13,Dec.13
Total contracts,H:N:A:A:A:A:A:5A:5J,10,10,10,10,94007.85054,95199.49554,99755.42495,111177.8393,127509.1842,141665.1566,169657.5763,197166.9252,220058.1003,258628.4166,282664.6932,299260.85,372512.6992,418131.3908,507907.138,585932.3241,672558.4634,598147.4605,10,10,10,10,10,10,10,10,10,10
US,H:N:A:H:A:A:A:5A:5J,,33.76,33.87,32.82,32.07,31.38,32.12,31.77,31.81,31.69,32.11,32.03,31.66,31.9,32.04,32.01,31.64,31.52,31.98,32.05,31.98,31.82,31.51,31.75,31.62,31.85,32.36,32.62,32.42,32.43,32.44,32.35,32.87,32.72,33.22,33.69,33.95,34.25,34.57,36.48,38.63,38.47,38.84,38.38,39.82,39.48,39.6,40.54,41.16,41.73,42.12,42.67,43.11
UK,H:N:A:Y:A:A:A:5A:5J,32.25,...,...,...,...,30.63,...,...,...,...,29.96,...,...,29.37,29.94,29.91,29.88,28.94,28.78,28.55,28.72,28.82,29.29,28.9,28.31,28.1,27.82,27.89,27.96,27.78,28.37,31.03,31.23,31.76,32.52,32.65,32.94,33.27,34.21,34.15,36.9,37.65,37.64,38.34,38.33,38.51,39.3,38.94,39.47,38.97,38.43
FR,H:N:A:Z:A:A:A:5A:5J,32.2,31.97,32.93,33.19,32.89,33.53,34.42,34.36,34.74,34.05,35.88,36.11,36.82,35.88,36.41,36.84,37.15,36.46,36.21,34.8,33.96,33.14,33.35,33.03,33.9,33.33,33.41,33.19,31.68,31.38,31.03,30.69,30.73,29.93,30.43,30.52,31.05,31.39,31.73,32.09,32.42,32.64,32.44,32.23,32.22,32.37,32.41,32.04,32.17,32.59,33,33.05